{"island_feature_maps": [{"5-0": "4dbc4c5b-e0ae-43b3-b150-cfc798b98053", "5-3": "48a5c29c-6256-4ff8-8800-128dadd3857f", "6-0": "d057ed42-a766-462d-920a-684e4ddcf70a"}], "islands": [["48a5c29c-6256-4ff8-8800-128dadd3857f", "4dbc4c5b-e0ae-43b3-b150-cfc798b98053", "d057ed42-a766-462d-920a-684e4ddcf70a", "83c1a6b2-6e25-440c-9fc6-23777c1e7fa8"]], "archive": ["48a5c29c-6256-4ff8-8800-128dadd3857f", "4dbc4c5b-e0ae-43b3-b150-cfc798b98053", "d057ed42-a766-462d-920a-684e4ddcf70a", "83c1a6b2-6e25-440c-9fc6-23777c1e7fa8"], "best_program_id": "4dbc4c5b-e0ae-43b3-b150-cfc798b98053", "island_best_programs": ["4dbc4c5b-e0ae-43b3-b150-cfc798b98053"], "last_iteration": 180, "current_island": 0, "island_generations": [56], "last_migration_generation": 0, "feature_stats": {"complexity": {"min": 607.0, "max": 844.0, "values": [607.0, 844.0, 761.0, 844.0, 702.0, 761.0, 702.0, 675.0, 738.0, 738.0, 725.0, 725.0, 725.0, 724.0, 725.0, 725.0, 725.0, 725.0, 754.0, 754.0, 754.0, 754.0, 754.0, 754.0, 754.0, 754.0, 754.0, 754.0, 754.0, 754.0, 754.0, 754.0, 754.0, 749.0, 754.0, 754.0, 754.0, 754.0, 753.0, 754.0, 754.0, 754.0, 754.0, 754.0, 754.0, 754.0, 754.0, 749.0, 754.0, 754.0, 754.0, 754.0, 754.0, 754.0, 749.0, 754.0, 754.0]}, "diversity": {"min": 14.250000000000002, "max": 42.825, "values": [38.7, 29.35, 38.7, 42.825, 29.35, 42.825, 31.825, 25.575, 25.575, 18.849999999999998, 18.849999999999998, 18.849999999999998, 14.250000000000002, 18.849999999999998, 18.849999999999998, 18.849999999999998, 18.849999999999998, 17.1, 17.1, 17.1, 17.1, 17.1, 17.1, 17.1, 17.1, 17.1, 17.1, 17.1, 17.1, 17.1, 17.1, 17.1, 25.175, 17.1, 17.1, 17.1, 17.1, 14.975000000000001, 17.1, 17.1, 17.1, 17.1, 17.1, 17.1, 17.1, 17.1, 25.175, 17.1, 17.1, 17.1, 17.1, 17.1, 17.1, 25.175, 17.1, 17.1]}}}