{
  "id": "4dbc4c5b-e0ae-43b3-b150-cfc798b98053",
  "generation": 0,
  "iteration": 0,
  "current_iteration": 60,
  "metrics": {
    "combined_score": 1.19382404571885,
    "score": 1.19382404571885,
    "var_x": 0.3310495172595609,
    "var_xi": 3.606179690583348
  },
  "language": "python",
  "timestamp": 1763710135.3405771,
  "saved_at": 1763710714.1980338
}