{"island_feature_maps": [{"5-0": "4dbc4c5b-e0ae-43b3-b150-cfc798b98053", "6-0": "d460f23a-b509-43cb-8e8f-9be941656801"}], "islands": [["476817e8-df85-4ec3-a80a-b5186d41a210", "913cddeb-f409-43a1-b4e7-344235a2913c", "4dbc4c5b-e0ae-43b3-b150-cfc798b98053", "d460f23a-b509-43cb-8e8f-9be941656801"]], "archive": ["476817e8-df85-4ec3-a80a-b5186d41a210", "913cddeb-f409-43a1-b4e7-344235a2913c", "4dbc4c5b-e0ae-43b3-b150-cfc798b98053", "d460f23a-b509-43cb-8e8f-9be941656801"], "best_program_id": "4dbc4c5b-e0ae-43b3-b150-cfc798b98053", "island_best_programs": ["4dbc4c5b-e0ae-43b3-b150-cfc798b98053"], "last_iteration": 60, "current_island": 0, "island_generations": [20], "last_migration_generation": 0, "feature_stats": {"complexity": {"min": 607.0, "max": 844.0, "values": [607.0, 844.0, 761.0, 844.0, 702.0, 761.0, 702.0, 675.0, 738.0, 738.0, 725.0, 725.0, 725.0, 724.0, 725.0, 725.0, 725.0, 725.0, 754.0, 754.0, 754.0]}, "diversity": {"min": 14.250000000000002, "max": 42.825, "values": [38.7, 29.35, 38.7, 42.825, 29.35, 42.825, 31.825, 25.575, 25.575, 18.849999999999998, 18.849999999999998, 18.849999999999998, 14.250000000000002, 18.849999999999998, 18.849999999999998, 18.849999999999998, 18.849999999999998, 17.1, 17.1, 17.1]}}}