{"island_feature_maps": [{"5-0": "4dbc4c5b-e0ae-43b3-b150-cfc798b98053"}], "islands": [["d047f92b-aefe-496d-be69-ad254675bb7f", "4dbc4c5b-e0ae-43b3-b150-cfc798b98053", "1ad9756d-9cfc-492c-92ee-fc433ec3cd86", "9cbf4ac1-f7f2-412c-9848-bd813f52ebb2"]], "archive": ["d047f92b-aefe-496d-be69-ad254675bb7f", "4dbc4c5b-e0ae-43b3-b150-cfc798b98053", "1ad9756d-9cfc-492c-92ee-fc433ec3cd86", "9cbf4ac1-f7f2-412c-9848-bd813f52ebb2"], "best_program_id": "4dbc4c5b-e0ae-43b3-b150-cfc798b98053", "island_best_programs": ["4dbc4c5b-e0ae-43b3-b150-cfc798b98053"], "last_iteration": 200, "current_island": 0, "island_generations": [66], "last_migration_generation": 0, "feature_stats": {"complexity": {"min": 607.0, "max": 844.0, "values": [607.0, 844.0, 761.0, 844.0, 702.0, 761.0, 702.0, 675.0, 738.0, 738.0, 725.0, 725.0, 725.0, 724.0, 725.0, 725.0, 725.0, 725.0, 754.0, 754.0, 754.0, 754.0, 754.0, 754.0, 754.0, 754.0, 754.0, 754.0, 754.0, 754.0, 754.0, 754.0, 754.0, 749.0, 754.0, 754.0, 754.0, 754.0, 753.0, 754.0, 754.0, 754.0, 754.0, 754.0, 754.0, 754.0, 754.0, 749.0, 754.0, 754.0, 754.0, 754.0, 754.0, 754.0, 749.0, 754.0, 754.0, 754.0, 754.0, 754.0, 754.0, 754.0, 754.0, 753.0, 754.0, 754.0, 754.0]}, "diversity": {"min": 14.250000000000002, "max": 42.825, "values": [38.7, 29.35, 38.7, 42.825, 29.35, 42.825, 31.825, 25.575, 25.575, 18.849999999999998, 18.849999999999998, 18.849999999999998, 14.250000000000002, 18.849999999999998, 18.849999999999998, 18.849999999999998, 18.849999999999998, 17.1, 17.1, 17.1, 17.1, 17.1, 17.1, 17.1, 17.1, 17.1, 17.1, 17.1, 17.1, 17.1, 17.1, 17.1, 25.175, 17.1, 17.1, 17.1, 17.1, 14.975000000000001, 17.1, 17.1, 17.1, 17.1, 17.1, 17.1, 17.1, 17.1, 25.175, 17.1, 17.1, 17.1, 17.1, 17.1, 17.1, 25.175, 17.1, 17.1, 17.1, 17.1, 17.1, 17.1, 17.1, 17.1, 14.975000000000001, 17.1, 17.1, 17.1]}}}