{
  "id": "5e9c9c48-9a3f-4034-affc-2e65032cb1db",
  "generation": 1,
  "iteration": 1,
  "current_iteration": 6,
  "metrics": {
    "combined_score": -0.006332573977646831,
    "score": -0.006332573977646831,
    "var_x": 0.125,
    "var_xi": 0.05066059182117465
  },
  "language": "python",
  "timestamp": 1763715238.3102689,
  "saved_at": 1763715260.54844
}