{"island_feature_maps": [{"9-5": "5e9c9c48-9a3f-4034-affc-2e65032cb1db", "9-9": "876709c9-7950-4321-8bf6-bd17931f1147", "3-5": "baa61d24-6299-4b13-95e8-ed40c9e5bc53", "0-9": "4be0c5e6-bdf6-40c1-99b7-e3fe44c72193"}], "islands": [["4be0c5e6-bdf6-40c1-99b7-e3fe44c72193", "876709c9-7950-4321-8bf6-bd17931f1147", "5e9c9c48-9a3f-4034-affc-2e65032cb1db", "baa61d24-6299-4b13-95e8-ed40c9e5bc53"]], "archive": ["4be0c5e6-bdf6-40c1-99b7-e3fe44c72193", "876709c9-7950-4321-8bf6-bd17931f1147", "5e9c9c48-9a3f-4034-affc-2e65032cb1db", "baa61d24-6299-4b13-95e8-ed40c9e5bc53"], "best_program_id": "5e9c9c48-9a3f-4034-affc-2e65032cb1db", "island_best_programs": ["5e9c9c48-9a3f-4034-affc-2e65032cb1db"], "last_iteration": 6, "current_island": 0, "island_generations": [6], "last_migration_generation": 0, "feature_stats": {"complexity": {"min": 607.0, "max": 978.0, "values": [607.0, 678.0, 811.0, 957.0, 978.0, 732.0, 612.0]}, "diversity": {"min": 10.600000000000001, "max": 90.175, "values": [10.600000000000001, 39.6, 62.166666666666664, 58.975, 38.724999999999994, 90.175]}}}