{"island_feature_maps": [{"5-0": "4dbc4c5b-e0ae-43b3-b150-cfc798b98053", "6-0": "d9df6ece-7fcc-4a0d-a12f-46fefd3f9950"}], "islands": [["d9df6ece-7fcc-4a0d-a12f-46fefd3f9950", "4dbc4c5b-e0ae-43b3-b150-cfc798b98053", "d265cd74-df4d-421f-b9b7-c8259560fe88", "7a2f254d-7fae-43bb-9063-2e94950671b8"]], "archive": ["d9df6ece-7fcc-4a0d-a12f-46fefd3f9950", "4dbc4c5b-e0ae-43b3-b150-cfc798b98053", "d265cd74-df4d-421f-b9b7-c8259560fe88", "7a2f254d-7fae-43bb-9063-2e94950671b8"], "best_program_id": "4dbc4c5b-e0ae-43b3-b150-cfc798b98053", "island_best_programs": ["4dbc4c5b-e0ae-43b3-b150-cfc798b98053"], "last_iteration": 260, "current_island": 0, "island_generations": [87], "last_migration_generation": 0, "feature_stats": {"complexity": {"min": 607.0, "max": 844.0, "values": [607.0, 844.0, 761.0, 844.0, 702.0, 761.0, 702.0, 675.0, 738.0, 738.0, 725.0, 725.0, 725.0, 724.0, 725.0, 725.0, 725.0, 725.0, 754.0, 754.0, 754.0, 754.0, 754.0, 754.0, 754.0, 754.0, 754.0, 754.0, 754.0, 754.0, 754.0, 754.0, 754.0, 749.0, 754.0, 754.0, 754.0, 754.0, 753.0, 754.0, 754.0, 754.0, 754.0, 754.0, 754.0, 754.0, 754.0, 749.0, 754.0, 754.0, 754.0, 754.0, 754.0, 754.0, 749.0, 754.0, 754.0, 754.0, 754.0, 754.0, 754.0, 754.0, 754.0, 753.0, 754.0, 754.0, 754.0, 754.0, 754.0, 754.0, 754.0, 754.0, 754.0, 754.0, 754.0, 754.0, 754.0, 754.0, 754.0, 754.0, 754.0, 754.0, 754.0, 754.0, 754.0, 754.0, 754.0, 754.0]}, "diversity": {"min": 14.250000000000002, "max": 42.825, "values": [38.7, 29.35, 38.7, 42.825, 29.35, 42.825, 31.825, 25.575, 25.575, 18.849999999999998, 18.849999999999998, 18.849999999999998, 14.250000000000002, 18.849999999999998, 18.849999999999998, 18.849999999999998, 18.849999999999998, 17.1, 17.1, 17.1, 17.1, 17.1, 17.1, 17.1, 17.1, 17.1, 17.1, 17.1, 17.1, 17.1, 17.1, 17.1, 25.175, 17.1, 17.1, 17.1, 17.1, 14.975000000000001, 17.1, 17.1, 17.1, 17.1, 17.1, 17.1, 17.1, 17.1, 25.175, 17.1, 17.1, 17.1, 17.1, 17.1, 17.1, 25.175, 17.1, 17.1, 17.1, 17.1, 17.1, 17.1, 17.1, 17.1, 14.975000000000001, 17.1, 17.1, 17.1, 17.1, 17.1, 17.1, 17.1, 17.1, 17.1, 17.1, 17.1, 17.1, 17.1, 17.1, 17.1, 17.1, 17.1, 17.1, 17.1, 17.1, 17.1, 17.1, 17.1, 17.1]}}}