{
  "id": "b4807703-cfc3-4fd9-9ea7-1e17501a4c11",
  "generation": 1,
  "iteration": 1,
  "current_iteration": 2,
  "metrics": {
    "score": -5.314485148355531e-06,
    "error": 4.1585204835214995e-08,
    "runtime": 0.0001054579988704063
  },
  "language": "python",
  "timestamp": 1763013525.190567,
  "saved_at": 1763013529.438462
}