{"island_feature_maps": [{"5-0": "ad986584-e258-4e64-bc72-65ed69009cb6", "9-5": "5e9c9c48-9a3f-4034-affc-2e65032cb1db", "9-9": "021d0c1f-a7b8-4d38-afb8-8f018f1dd21f"}], "islands": [["ad986584-e258-4e64-bc72-65ed69009cb6", "5e9c9c48-9a3f-4034-affc-2e65032cb1db", "021d0c1f-a7b8-4d38-afb8-8f018f1dd21f"]], "archive": ["ad986584-e258-4e64-bc72-65ed69009cb6", "5e9c9c48-9a3f-4034-affc-2e65032cb1db", "021d0c1f-a7b8-4d38-afb8-8f018f1dd21f"], "best_program_id": "5e9c9c48-9a3f-4034-affc-2e65032cb1db", "island_best_programs": ["5e9c9c48-9a3f-4034-affc-2e65032cb1db"], "last_iteration": 2, "current_island": 0, "island_generations": [2], "last_migration_generation": 0, "feature_stats": {"complexity": {"min": 607.0, "max": 811.0, "values": [607.0, 678.0, 811.0]}, "diversity": {"min": 10.600000000000001, "max": 39.6, "values": [10.600000000000001, 39.6]}}}