{"island_feature_maps": [{"5-0": "7d6ec8d4-f4eb-4fe5-b927-b4a48d9337d0", "3-9": "2d75eaec-ff82-4661-a81a-f1dbd59f6966"}], "islands": [["045a8cdb-4614-4e1e-b24f-901ce3f2f886", "7d6ec8d4-f4eb-4fe5-b927-b4a48d9337d0", "2d75eaec-ff82-4661-a81a-f1dbd59f6966", "ee8589fc-f633-4171-bdad-358a0c57165c"]], "archive": ["045a8cdb-4614-4e1e-b24f-901ce3f2f886", "7d6ec8d4-f4eb-4fe5-b927-b4a48d9337d0", "2d75eaec-ff82-4661-a81a-f1dbd59f6966", "ee8589fc-f633-4171-bdad-358a0c57165c"], "best_program_id": "7d6ec8d4-f4eb-4fe5-b927-b4a48d9337d0", "island_best_programs": ["7d6ec8d4-f4eb-4fe5-b927-b4a48d9337d0"], "last_iteration": 10000, "current_island": 0, "island_generations": [4], "last_migration_generation": 0, "feature_stats": {"complexity": {"min": 607.0, "max": 919.0, "values": [607.0, 919.0, 713.0, 713.0, 713.0]}, "diversity": {"min": 45.7, "max": 55.849999999999994, "values": [45.7, 55.849999999999994, 55.849999999999994, 55.849999999999994]}}}