{
  "id": "e1411c1f-cde3-46ef-956d-c335401704c9",
  "generation": 0,
  "iteration": 0,
  "current_iteration": 10,
  "metrics": {
    "error": 0.0
  },
  "language": "python",
  "timestamp": 1763629524.157202,
  "saved_at": 1763629544.263818
}