{"island_feature_maps": [{"9-5": "5e9c9c48-9a3f-4034-affc-2e65032cb1db", "9-9": "876709c9-7950-4321-8bf6-bd17931f1147", "2-4": "259fcabe-7ff8-4176-a6e4-7d393296c1c3"}], "islands": [["876709c9-7950-4321-8bf6-bd17931f1147", "259fcabe-7ff8-4176-a6e4-7d393296c1c3", "5e9c9c48-9a3f-4034-affc-2e65032cb1db", "88dd93d6-5dc2-4180-b731-08185d978a01"]], "archive": ["876709c9-7950-4321-8bf6-bd17931f1147", "259fcabe-7ff8-4176-a6e4-7d393296c1c3", "5e9c9c48-9a3f-4034-affc-2e65032cb1db", "88dd93d6-5dc2-4180-b731-08185d978a01"], "best_program_id": "5e9c9c48-9a3f-4034-affc-2e65032cb1db", "island_best_programs": ["5e9c9c48-9a3f-4034-affc-2e65032cb1db"], "last_iteration": 10, "current_island": 0, "island_generations": [10], "last_migration_generation": 0, "feature_stats": {"complexity": {"min": 607.0, "max": 1060.0, "values": [607.0, 678.0, 811.0, 957.0, 978.0, 732.0, 612.0, 1037.0, 805.0, 721.0, 1060.0]}, "diversity": {"min": 10.600000000000001, "max": 90.175, "values": [10.600000000000001, 39.6, 62.166666666666664, 58.975, 38.724999999999994, 90.175, 78.35, 51.349999999999994, 48.925, 88.67500000000001]}}}