{
  "id": "f9fd2f83-e98a-43eb-9e1b-ae3399edb787",
  "generation": 2,
  "iteration": 3,
  "current_iteration": 4,
  "metrics": {
    "score": -1.1795853891372056e-05,
    "error": 5.394495961041912e-11,
    "runtime": 0.00023591599892824888
  },
  "language": "python",
  "timestamp": 1763013533.9160168,
  "saved_at": 1763013538.85833
}