{"island_feature_maps": [{"5-0": "8b7d9968-e7ec-4f00-b274-41941bf5a0a6", "9-5": "b4807703-cfc3-4fd9-9ea7-1e17501a4c11", "9-9": "8ca06d90-8c28-4275-b836-279391054380", "8-0": "f9fd2f83-e98a-43eb-9e1b-ae3399edb787"}], "islands": [["8b7d9968-e7ec-4f00-b274-41941bf5a0a6", "8ca06d90-8c28-4275-b836-279391054380", "b4807703-cfc3-4fd9-9ea7-1e17501a4c11", "3018f714-e7cc-4087-a8cc-17cc9139bee8", "f9fd2f83-e98a-43eb-9e1b-ae3399edb787"]], "archive": ["8ca06d90-8c28-4275-b836-279391054380", "b4807703-cfc3-4fd9-9ea7-1e17501a4c11", "f9fd2f83-e98a-43eb-9e1b-ae3399edb787"], "best_program_id": "f9fd2f83-e98a-43eb-9e1b-ae3399edb787", "island_best_programs": ["f9fd2f83-e98a-43eb-9e1b-ae3399edb787"], "last_iteration": 4, "current_island": 0, "island_generations": [4], "last_migration_generation": 0, "feature_stats": {"complexity": {"min": 313.0, "max": 1346.0, "values": [313.0, 769.0, 989.0, 884.0, 1346.0]}, "diversity": {"min": 90.7, "max": 220.22500000000002, "values": [149.6, 160.3, 90.7, 220.22500000000002]}}}