{"island_feature_maps": [{"9-5": "5e9c9c48-9a3f-4034-affc-2e65032cb1db", "9-9": "876709c9-7950-4321-8bf6-bd17931f1147"}], "islands": [["876709c9-7950-4321-8bf6-bd17931f1147", "0ad2bd79-6fa6-4916-918a-b55cf9949a1a", "5e9c9c48-9a3f-4034-affc-2e65032cb1db"]], "archive": ["876709c9-7950-4321-8bf6-bd17931f1147", "0ad2bd79-6fa6-4916-918a-b55cf9949a1a", "5e9c9c48-9a3f-4034-affc-2e65032cb1db"], "best_program_id": "5e9c9c48-9a3f-4034-affc-2e65032cb1db", "island_best_programs": ["5e9c9c48-9a3f-4034-affc-2e65032cb1db"], "last_iteration": 4, "current_island": 0, "island_generations": [4], "last_migration_generation": 0, "feature_stats": {"complexity": {"min": 607.0, "max": 978.0, "values": [607.0, 678.0, 811.0, 957.0, 978.0]}, "diversity": {"min": 10.600000000000001, "max": 62.166666666666664, "values": [10.600000000000001, 39.6, 62.166666666666664, 58.975]}}}