{"island_feature_maps": [{"5-0": "30438c68-a5c4-4195-be73-3e7b3bc021f5", "9-5": "a0a85b76-2a76-4fa5-95f8-532f4926bc51", "6-0": "4ed961eb-9aac-4550-a647-1161ff7076de", "4-0": "f53891e2-1118-46e3-8928-45d3efe6956d"}, {}], "islands": [["30438c68-a5c4-4195-be73-3e7b3bc021f5", "a0a85b76-2a76-4fa5-95f8-532f4926bc51", "4ed961eb-9aac-4550-a647-1161ff7076de", "3c6f2f97-1700-415e-a6f3-865094bf0271", "f53891e2-1118-46e3-8928-45d3efe6956d"], []], "archive": ["30438c68-a5c4-4195-be73-3e7b3bc021f5", "a0a85b76-2a76-4fa5-95f8-532f4926bc51", "4ed961eb-9aac-4550-a647-1161ff7076de", "3c6f2f97-1700-415e-a6f3-865094bf0271", "f53891e2-1118-46e3-8928-45d3efe6956d"], "best_program_id": "30438c68-a5c4-4195-be73-3e7b3bc021f5", "island_best_programs": ["30438c68-a5c4-4195-be73-3e7b3bc021f5", null], "last_iteration": 4, "current_island": 1, "island_generations": [2, 2], "last_migration_generation": 0, "feature_stats": {"complexity": {"min": 262.0, "max": 492.0, "values": [262.0, 492.0, 421.0, 370.0, 421.0, 421.0, 370.0, 262.0, 492.0, 414.0]}, "diversity": {"min": 14.275, "max": 47.5, "values": [47.5, 24.25, 18.366666666666667, 24.25, 24.25, 18.366666666666667, 33.56666666666667, 47.5, 14.275]}}}