{
  "id": "2ccaf00e-a9f7-459e-b0b0-f40389a8c9e4",
  "generation": 1,
  "iteration": 5,
  "timestamp": 1763013544.197073,
  "parent_id": "8b7d9968-e7ec-4f00-b274-41941bf5a0a6",
  "metrics": {
    "score": -3.2396464872097576e-05,
    "error": 6.150236986357527e-10,
    "runtime": 0.0006479169969679788
  },
  "language": "python",
  "saved_at": 1763013579.836404
}