{"island_feature_maps": [{"5-0": "4dbc4c5b-e0ae-43b3-b150-cfc798b98053"}], "islands": [["0e03bb97-14d7-4ebd-9044-313c2367fd82", "7472ac52-c037-429d-ac64-a157605b0777", "4dbc4c5b-e0ae-43b3-b150-cfc798b98053", "3d998ad6-c70b-4556-86e6-b22c315bfe9f"]], "archive": ["0e03bb97-14d7-4ebd-9044-313c2367fd82", "7472ac52-c037-429d-ac64-a157605b0777", "4dbc4c5b-e0ae-43b3-b150-cfc798b98053", "3d998ad6-c70b-4556-86e6-b22c315bfe9f"], "best_program_id": "4dbc4c5b-e0ae-43b3-b150-cfc798b98053", "island_best_programs": ["4dbc4c5b-e0ae-43b3-b150-cfc798b98053"], "last_iteration": 140, "current_island": 0, "island_generations": [37], "last_migration_generation": 0, "feature_stats": {"complexity": {"min": 607.0, "max": 844.0, "values": [607.0, 844.0, 761.0, 844.0, 702.0, 761.0, 702.0, 675.0, 738.0, 738.0, 725.0, 725.0, 725.0, 724.0, 725.0, 725.0, 725.0, 725.0, 754.0, 754.0, 754.0, 754.0, 754.0, 754.0, 754.0, 754.0, 754.0, 754.0, 754.0, 754.0, 754.0, 754.0, 754.0, 749.0, 754.0, 754.0, 754.0, 754.0]}, "diversity": {"min": 14.250000000000002, "max": 42.825, "values": [38.7, 29.35, 38.7, 42.825, 29.35, 42.825, 31.825, 25.575, 25.575, 18.849999999999998, 18.849999999999998, 18.849999999999998, 14.250000000000002, 18.849999999999998, 18.849999999999998, 18.849999999999998, 18.849999999999998, 17.1, 17.1, 17.1, 17.1, 17.1, 17.1, 17.1, 17.1, 17.1, 17.1, 17.1, 17.1, 17.1, 17.1, 17.1, 25.175, 17.1, 17.1, 17.1, 17.1]}}}