{
  "id": "30438c68-a5c4-4195-be73-3e7b3bc021f5",
  "generation": 0,
  "iteration": 0,
  "current_iteration": 8,
  "metrics": {
    "combined_score": 100.0,
    "I1": 100.0,
    "I2": 100.0
  },
  "language": "python",
  "timestamp": 1763537737.460434,
  "saved_at": 1763537745.63312
}