{"island_feature_maps": [{"9-5": "5e9c9c48-9a3f-4034-affc-2e65032cb1db", "9-9": "876709c9-7950-4321-8bf6-bd17931f1147", "0-9": "4be0c5e6-bdf6-40c1-99b7-e3fe44c72193", "4-5": "97a31b99-3416-453e-ba1e-8e3b7b9992de"}], "islands": [["4be0c5e6-bdf6-40c1-99b7-e3fe44c72193", "876709c9-7950-4321-8bf6-bd17931f1147", "97a31b99-3416-453e-ba1e-8e3b7b9992de", "5e9c9c48-9a3f-4034-affc-2e65032cb1db"]], "archive": ["4be0c5e6-bdf6-40c1-99b7-e3fe44c72193", "876709c9-7950-4321-8bf6-bd17931f1147", "97a31b99-3416-453e-ba1e-8e3b7b9992de", "5e9c9c48-9a3f-4034-affc-2e65032cb1db"], "best_program_id": "5e9c9c48-9a3f-4034-affc-2e65032cb1db", "island_best_programs": ["5e9c9c48-9a3f-4034-affc-2e65032cb1db"], "last_iteration": 8, "current_island": 0, "island_generations": [8], "last_migration_generation": 0, "feature_stats": {"complexity": {"min": 607.0, "max": 1037.0, "values": [607.0, 678.0, 811.0, 957.0, 978.0, 732.0, 612.0, 1037.0, 805.0]}, "diversity": {"min": 10.600000000000001, "max": 90.175, "values": [10.600000000000001, 39.6, 62.166666666666664, 58.975, 38.724999999999994, 90.175, 78.35, 51.349999999999994]}}}