{
  "id": "4ed403ef-13af-42f8-ae36-375db423c440",
  "generation": 0,
  "iteration": 0,
  "current_iteration": 20,
  "metrics": {
    "combined_score": 1.19382404571885,
    "score": 1.19382404571885,
    "var_x": 0.3310495172595609,
    "var_xi": 3.606179690583348
  },
  "language": "python",
  "timestamp": 1763714170.324883,
  "saved_at": 1763714359.041624
}