{
  "id": "92c42d1f-48a4-4077-a891-9cf244f1c46a",
  "generation": 0,
  "iteration": 0,
  "current_iteration": 20,
  "metrics": {
    "combined_score": 100.0,
    "I1": 100.0,
    "I2": 100.0
  },
  "language": "python",
  "timestamp": 1763537248.002368,
  "saved_at": 1763537476.423904
}