{
  "id": "f90c7db5-b436-4142-a6ec-07e11ba90e00",
  "generation": 0,
  "iteration": 0,
  "current_iteration": 20,
  "metrics": {
    "error": 0.0
  },
  "language": "python",
  "timestamp": 1763630513.473397,
  "saved_at": 1763630588.12341
}