{"island_feature_maps": [{"5-0": "4ed403ef-13af-42f8-ae36-375db423c440", "9-0": "d32cc88d-e5bb-41de-9334-6a5e9917a810"}], "islands": [["6fc2f856-0f54-4e2f-98a4-de491f431716", "d32cc88d-e5bb-41de-9334-6a5e9917a810", "89975fa4-a2d7-4393-a208-0027695f565e", "4ed403ef-13af-42f8-ae36-375db423c440"]], "archive": ["6fc2f856-0f54-4e2f-98a4-de491f431716", "d32cc88d-e5bb-41de-9334-6a5e9917a810", "89975fa4-a2d7-4393-a208-0027695f565e", "4ed403ef-13af-42f8-ae36-375db423c440"], "best_program_id": "4ed403ef-13af-42f8-ae36-375db423c440", "island_best_programs": ["4ed403ef-13af-42f8-ae36-375db423c440"], "last_iteration": 20, "current_island": 0, "island_generations": [9], "last_migration_generation": 0, "feature_stats": {"complexity": {"min": 607.0, "max": 725.0, "values": [607.0, 681.0, 681.0, 719.0, 681.0, 719.0, 719.0, 725.0, 725.0, 725.0]}, "diversity": {"min": 13.225, "max": 42.9, "values": [42.9, 42.9, 18.099999999999998, 42.9, 18.099999999999998, 18.099999999999998, 13.225, 13.225, 13.225]}}}